>>Per base sequence content	pass
#Base	G	A	T	C
1	25.101601721252692	27.25316758307435	23.619411905331102	24.02581879034186
2	26.48959081119885	26.99210337401292	23.785594639865998	22.73271117492223
3	23.91772303276728	25.376704137766087	26.572590289404445	24.132982540062187
4	24.71291866028708	24.976076555023923	25.21531100478469	25.095693779904305
5	25.532424024886335	26.369944962909784	24.575257238573823	23.522373773630054
6	25.029882859191964	25.484102318909873	25.005976571838396	24.480038250059767
7	25.59196364506099	25.40062186079885	24.683090169815834	24.324324324324326
8	24.09090909090909	25.90909090909091	25.04784688995215	24.95215311004785
9	24.62347597418121	24.312694238584747	25.962228065981353	25.101601721252692
10-14	25.020328119768497	24.317214330128664	25.015545032764148	25.646912517338688
15-19	24.913908551750527	24.69389707289076	24.41649129519801	25.975703080160706
20-24	25.267891312667434	24.411595866819745	24.31592039800995	26.00459242250287
25-29	25.057647963105307	24.413912375096082	25.278631821675635	25.249807840122983
30-34	25.512023516938942	24.47110982603248	24.692785889836635	25.32408076719194
35-39	25.35143229795662	24.520554562581516	24.51089319356553	25.617119945896334
40-44	25.078764965343414	24.81702292666376	24.899423198099946	25.204788909892876
45-49	25.320683479355242	25.098020233312358	24.1734837116995	25.4078125756329
50-54	25.112607158424954	24.390952680776866	25.073860609289483	25.422579551508694
55-59	25.278774362455152	24.672743139726556	24.372151653253177	25.676330844565108
60-64	25.210980696478806	24.706567077311085	24.619264720147445	25.463187506062663
65-69	25.586467623109733	24.442613416052733	24.47654129507561	25.494377665761924
70-74	25.143162185771136	24.5074250218383	25.138309230321266	25.211103562069297
75-79	25.466835246061077	24.57206769111068	25.20424042015172	24.75685664267652
80-84	25.48457614768035	23.905756618897257	25.07651202331795	25.533155210104447
85-89	25.66850129073109	24.0514344162486	24.59208026886172	25.687984024158588
90-94	25.363865709295556	24.015136813506697	24.67979817581991	25.941199301377836
95-99	26.010125596339208	23.43491383506961	24.69574530230747	25.859215266283712
100	25.441781650931976	23.81989832970225	25.804889857177436	24.933430162188333
