>>Kmer Content	warn
#Sequence	Count	Obs/Exp Overall	Obs/Exp Max	Max Obs/Exp Position
TTTTT	1110	3.135472	6.826766	95-96
AAAAA	1075	3.0194838	7.98496	4
CGCCA	1075	2.6473582	5.8340683	7
CAGCG	975	2.400065	5.831572	4
GAAAA	870	2.3638728	5.1494646	5
TGATG	855	2.2523398	6.2482076	3
ATTTT	795	2.2431378	6.684303	6
AAAAT	760	2.1371205	5.3293304	5
AAAAC	770	2.093059	5.1516695	6
TTATC	735	2.0047097	5.175375	3
AACGC	745	1.8958068	6.028442	7
ACCAG	725	1.8449125	6.0284414	4
AAATC	660	1.7960806	6.446873	1
CAGTT	675	1.778924	6.250882	3
TTATT	630	1.7775809	5.347442	1
TTTCT	650	1.7748786	5.175026	4
AACTG	655	1.724264	5.089645	95-96
GATAA	615	1.6729044	5.1552916	2
TTGAT	610	1.6630608	5.1669655	2
CATCG	645	1.6431932	6.035263	1
TTGCG	640	1.6316019	6.039507	7
ATCAC	605	1.5933226	5.091824	95-96
AAACA	585	1.5901811	6.4395866	1
AGAAA	580	1.5759151	5.1494646	5
TAAAA	560	1.5747203	9.33751	3
CTTTC	585	1.5441394	5.0025086	4
GCCAT	600	1.5285519	6.035263	1
TTCTG	570	1.5039023	6.2504606	5
TATTT	530	1.4954252	5.347442	5
AATGC	560	1.4741801	6.23634	8
TGTTT	535	1.4602367	5.179014	3
CAATA	530	1.4423071	5.1636825	3
TGGAA	540	1.4209225	6.2411456	3
AAAGA	520	1.4128896	5.149465	6
ATATC	515	1.4030728	5.169525	3
GTCAG	550	1.400573	6.0326805	7
AGCGG	565	1.3902119	5.8290772	5
GCTTC	540	1.3772534	6.042093	6
TTCAA	505	1.3758287	5.163334	8
GATGG	540	1.3745197	6.0300994	7
ATGTT	490	1.3359014	5.1669655	2
TTAAA	470	1.3231356	5.3353605	2
TTTAC	470	1.2819232	5.169177	7
CATTA	450	1.225986	7.745001	1
AATCG	465	1.2240958	6.2363396	2
AAATA	435	1.2232202	5.3293304	7
GACGC	465	1.1446465	5.838565	3
TATCC	430	1.1337255	6.2460685	4
AGATG	420	1.1051618	6.23367	6
ATCGT	410	1.0805316	6.243396	8
TATTA	335	0.9441532	5.341398	2
TTATG	335	0.9133203	5.1669655	4
